{
  "service": {
    "service": "candidate-service",
    "serviceObject": {
      "name": "candidate-service"
    },
    "provider": {
      "stage": "dev",
      "variableSyntax": "\\${([^{}]+?)}",
      "name": "aws",
      "runtime": "nodejs12.x",
      "region": "us-east-1",
      "environment": {
        "CANDIDATE_TABLE": "candidate-service-dev",
        "CANDIDATE_EMAIL_TABLE": "candidate-email-dev"
      },
      "iamRoleStatements": [
        {
          "Effect": "Allow",
          "Action": [
            "dynamodb:Query",
            "dynamodb:Scan",
            "dynamodb:GetItem",
            "dynamodb:PutItem"
          ],
          "Resource": "*"
        }
      ],
      "versionFunctions": true,
      "remoteFunctionData": null,
      "compiledCloudFormationTemplate": {
        "AWSTemplateFormatVersion": "2010-09-09",
        "Description": "The AWS CloudFormation template for this Serverless application",
        "Resources": {
          "ServerlessDeploymentBucket": {
            "Type": "AWS::S3::Bucket",
            "Properties": {
              "BucketEncryption": {
                "ServerSideEncryptionConfiguration": [
                  {
                    "ServerSideEncryptionByDefault": {
                      "SSEAlgorithm": "AES256"
                    }
                  }
                ]
              }
            }
          },
          "ServerlessDeploymentBucketPolicy": {
            "Type": "AWS::S3::BucketPolicy",
            "Properties": {
              "Bucket": {
                "Ref": "ServerlessDeploymentBucket"
              },
              "PolicyDocument": {
                "Statement": [
                  {
                    "Action": "s3:*",
                    "Effect": "Deny",
                    "Principal": "*",
                    "Resource": [
                      {
                        "Fn::Join": [
                          "",
                          [
                            "arn:",
                            {
                              "Ref": "AWS::Partition"
                            },
                            ":s3:::",
                            {
                              "Ref": "ServerlessDeploymentBucket"
                            },
                            "/*"
                          ]
                        ]
                      }
                    ],
                    "Condition": {
                      "Bool": {
                        "aws:SecureTransport": false
                      }
                    }
                  }
                ]
              }
            }
          },
          "CandidateSubmissionLogGroup": {
            "Type": "AWS::Logs::LogGroup",
            "Properties": {
              "LogGroupName": "/aws/lambda/candidate-service-dev-candidateSubmission"
            }
          },
          "ListCandidatesLogGroup": {
            "Type": "AWS::Logs::LogGroup",
            "Properties": {
              "LogGroupName": "/aws/lambda/candidate-service-dev-listCandidates"
            }
          },
          "CandidateDetailsLogGroup": {
            "Type": "AWS::Logs::LogGroup",
            "Properties": {
              "LogGroupName": "/aws/lambda/candidate-service-dev-candidateDetails"
            }
          },
          "IamRoleLambdaExecution": {
            "Type": "AWS::IAM::Role",
            "Properties": {
              "AssumeRolePolicyDocument": {
                "Version": "2012-10-17",
                "Statement": [
                  {
                    "Effect": "Allow",
                    "Principal": {
                      "Service": [
                        "lambda.amazonaws.com"
                      ]
                    },
                    "Action": [
                      "sts:AssumeRole"
                    ]
                  }
                ]
              },
              "Policies": [
                {
                  "PolicyName": {
                    "Fn::Join": [
                      "-",
                      [
                        "candidate-service",
                        "dev",
                        "lambda"
                      ]
                    ]
                  },
                  "PolicyDocument": {
                    "Version": "2012-10-17",
                    "Statement": [
                      {
                        "Effect": "Allow",
                        "Action": [
                          "logs:CreateLogStream",
                          "logs:CreateLogGroup"
                        ],
                        "Resource": [
                          {
                            "Fn::Sub": "arn:${AWS::Partition}:logs:${AWS::Region}:${AWS::AccountId}:log-group:/aws/lambda/candidate-service-dev*:*"
                          }
                        ]
                      },
                      {
                        "Effect": "Allow",
                        "Action": [
                          "logs:PutLogEvents"
                        ],
                        "Resource": [
                          {
                            "Fn::Sub": "arn:${AWS::Partition}:logs:${AWS::Region}:${AWS::AccountId}:log-group:/aws/lambda/candidate-service-dev*:*:*"
                          }
                        ]
                      },
                      {
                        "$ref": "$[\"service\"][\"provider\"][\"iamRoleStatements\"][0]"
                      }
                    ]
                  }
                }
              ],
              "Path": "/",
              "RoleName": {
                "Fn::Join": [
                  "-",
                  [
                    "candidate-service",
                    "dev",
                    {
                      "Ref": "AWS::Region"
                    },
                    "lambdaRole"
                  ]
                ]
              }
            }
          },
          "CandidateSubmissionLambdaFunction": {
            "Type": "AWS::Lambda::Function",
            "Properties": {
              "Code": {
                "S3Bucket": {
                  "Ref": "ServerlessDeploymentBucket"
                },
                "S3Key": "serverless/candidate-service/dev/1595990754523-2020-07-29T02:45:54.523Z/candidate-service.zip"
              },
              "FunctionName": "candidate-service-dev-candidateSubmission",
              "Handler": "api/candidate.submit",
              "MemorySize": 128,
              "Role": {
                "Fn::GetAtt": [
                  "IamRoleLambdaExecution",
                  "Arn"
                ]
              },
              "Runtime": "nodejs12.x",
              "Timeout": 6,
              "Description": "Submit candidate information and starts interview process.",
              "Environment": {
                "Variables": {
                  "CANDIDATE_TABLE": "candidate-service-dev",
                  "CANDIDATE_EMAIL_TABLE": "candidate-email-dev"
                }
              }
            },
            "DependsOn": [
              "CandidateSubmissionLogGroup"
            ]
          },
          "CandidateSubmissionLambdaVersionrBzMG3OU4r5poFVbRqTcTIDntkcBAJXwCqVZXPQjpI": {
            "Type": "AWS::Lambda::Version",
            "DeletionPolicy": "Retain",
            "Properties": {
              "FunctionName": {
                "Ref": "CandidateSubmissionLambdaFunction"
              },
              "CodeSha256": "tH1qS+C09opaEe0V4DDOw/VJxFF/bz1N4Y9XsJunB5g=",
              "Description": "Submit candidate information and starts interview process."
            }
          },
          "ListCandidatesLambdaFunction": {
            "Type": "AWS::Lambda::Function",
            "Properties": {
              "Code": {
                "S3Bucket": {
                  "Ref": "ServerlessDeploymentBucket"
                },
                "S3Key": "serverless/candidate-service/dev/1595990754523-2020-07-29T02:45:54.523Z/candidate-service.zip"
              },
              "FunctionName": "candidate-service-dev-listCandidates",
              "Handler": "api/candidate.list",
              "MemorySize": 128,
              "Role": {
                "Fn::GetAtt": [
                  "IamRoleLambdaExecution",
                  "Arn"
                ]
              },
              "Runtime": "nodejs12.x",
              "Timeout": 6,
              "Description": "List all candidates",
              "Environment": {
                "Variables": {
                  "CANDIDATE_TABLE": "candidate-service-dev",
                  "CANDIDATE_EMAIL_TABLE": "candidate-email-dev"
                }
              }
            },
            "DependsOn": [
              "ListCandidatesLogGroup"
            ]
          },
          "ListCandidatesLambdaVersiono1oDPpT6jrWdbigVqmbL2Wo3WuHJ7Kq68Bg8Kbp18BQ": {
            "Type": "AWS::Lambda::Version",
            "DeletionPolicy": "Retain",
            "Properties": {
              "FunctionName": {
                "Ref": "ListCandidatesLambdaFunction"
              },
              "CodeSha256": "tH1qS+C09opaEe0V4DDOw/VJxFF/bz1N4Y9XsJunB5g=",
              "Description": "List all candidates"
            }
          },
          "CandidateDetailsLambdaFunction": {
            "Type": "AWS::Lambda::Function",
            "Properties": {
              "Code": {
                "S3Bucket": {
                  "Ref": "ServerlessDeploymentBucket"
                },
                "S3Key": "serverless/candidate-service/dev/1595990754523-2020-07-29T02:45:54.523Z/candidate-service.zip"
              },
              "FunctionName": "candidate-service-dev-candidateDetails",
              "Handler": "api/candidate.get",
              "MemorySize": 1024,
              "Role": {
                "Fn::GetAtt": [
                  "IamRoleLambdaExecution",
                  "Arn"
                ]
              },
              "Runtime": "nodejs12.x",
              "Timeout": 6,
              "Environment": {
                "Variables": {
                  "CANDIDATE_TABLE": "candidate-service-dev",
                  "CANDIDATE_EMAIL_TABLE": "candidate-email-dev"
                }
              }
            },
            "DependsOn": [
              "CandidateDetailsLogGroup"
            ]
          },
          "CandidateDetailsLambdaVersionlQFykGnj4Bw613QBfibfKEOnQEbmluvd8LCQyAUo": {
            "Type": "AWS::Lambda::Version",
            "DeletionPolicy": "Retain",
            "Properties": {
              "FunctionName": {
                "Ref": "CandidateDetailsLambdaFunction"
              },
              "CodeSha256": "tH1qS+C09opaEe0V4DDOw/VJxFF/bz1N4Y9XsJunB5g="
            }
          },
          "ApiGatewayRestApi": {
            "Type": "AWS::ApiGateway::RestApi",
            "Properties": {
              "Name": "dev-candidate-service",
              "EndpointConfiguration": {
                "Types": [
                  "EDGE"
                ]
              },
              "Policy": ""
            }
          },
          "ApiGatewayResourceCandidates": {
            "Type": "AWS::ApiGateway::Resource",
            "Properties": {
              "ParentId": {
                "Fn::GetAtt": [
                  "ApiGatewayRestApi",
                  "RootResourceId"
                ]
              },
              "PathPart": "candidates",
              "RestApiId": {
                "Ref": "ApiGatewayRestApi"
              }
            }
          },
          "ApiGatewayResourceCandidatesIdVar": {
            "Type": "AWS::ApiGateway::Resource",
            "Properties": {
              "ParentId": {
                "Ref": "ApiGatewayResourceCandidates"
              },
              "PathPart": "{id}",
              "RestApiId": {
                "Ref": "ApiGatewayRestApi"
              }
            }
          },
          "ApiGatewayMethodCandidatesPost": {
            "Type": "AWS::ApiGateway::Method",
            "Properties": {
              "HttpMethod": "POST",
              "RequestParameters": {},
              "ResourceId": {
                "Ref": "ApiGatewayResourceCandidates"
              },
              "RestApiId": {
                "Ref": "ApiGatewayRestApi"
              },
              "ApiKeyRequired": false,
              "AuthorizationType": "NONE",
              "Integration": {
                "IntegrationHttpMethod": "POST",
                "Type": "AWS_PROXY",
                "Uri": {
                  "Fn::Join": [
                    "",
                    [
                      "arn:",
                      {
                        "Ref": "AWS::Partition"
                      },
                      ":apigateway:",
                      {
                        "Ref": "AWS::Region"
                      },
                      ":lambda:path/2015-03-31/functions/",
                      {
                        "Fn::GetAtt": [
                          "CandidateSubmissionLambdaFunction",
                          "Arn"
                        ]
                      },
                      "/invocations"
                    ]
                  ]
                }
              },
              "MethodResponses": []
            }
          },
          "ApiGatewayMethodCandidatesGet": {
            "Type": "AWS::ApiGateway::Method",
            "Properties": {
              "HttpMethod": "GET",
              "RequestParameters": {},
              "ResourceId": {
                "Ref": "ApiGatewayResourceCandidates"
              },
              "RestApiId": {
                "Ref": "ApiGatewayRestApi"
              },
              "ApiKeyRequired": false,
              "AuthorizationType": "NONE",
              "Integration": {
                "IntegrationHttpMethod": "POST",
                "Type": "AWS_PROXY",
                "Uri": {
                  "Fn::Join": [
                    "",
                    [
                      "arn:",
                      {
                        "Ref": "AWS::Partition"
                      },
                      ":apigateway:",
                      {
                        "Ref": "AWS::Region"
                      },
                      ":lambda:path/2015-03-31/functions/",
                      {
                        "Fn::GetAtt": [
                          "ListCandidatesLambdaFunction",
                          "Arn"
                        ]
                      },
                      "/invocations"
                    ]
                  ]
                }
              },
              "MethodResponses": []
            }
          },
          "ApiGatewayMethodCandidatesIdVarGet": {
            "Type": "AWS::ApiGateway::Method",
            "Properties": {
              "HttpMethod": "GET",
              "RequestParameters": {},
              "ResourceId": {
                "Ref": "ApiGatewayResourceCandidatesIdVar"
              },
              "RestApiId": {
                "Ref": "ApiGatewayRestApi"
              },
              "ApiKeyRequired": false,
              "AuthorizationType": "NONE",
              "Integration": {
                "IntegrationHttpMethod": "POST",
                "Type": "AWS_PROXY",
                "Uri": {
                  "Fn::Join": [
                    "",
                    [
                      "arn:",
                      {
                        "Ref": "AWS::Partition"
                      },
                      ":apigateway:",
                      {
                        "Ref": "AWS::Region"
                      },
                      ":lambda:path/2015-03-31/functions/",
                      {
                        "Fn::GetAtt": [
                          "CandidateDetailsLambdaFunction",
                          "Arn"
                        ]
                      },
                      "/invocations"
                    ]
                  ]
                }
              },
              "MethodResponses": []
            }
          },
          "ApiGatewayDeployment1595990753411": {
            "Type": "AWS::ApiGateway::Deployment",
            "Properties": {
              "RestApiId": {
                "Ref": "ApiGatewayRestApi"
              },
              "StageName": "dev"
            },
            "DependsOn": [
              "ApiGatewayMethodCandidatesPost",
              "ApiGatewayMethodCandidatesGet",
              "ApiGatewayMethodCandidatesIdVarGet"
            ]
          },
          "CandidateSubmissionLambdaPermissionApiGateway": {
            "Type": "AWS::Lambda::Permission",
            "Properties": {
              "FunctionName": {
                "Fn::GetAtt": [
                  "CandidateSubmissionLambdaFunction",
                  "Arn"
                ]
              },
              "Action": "lambda:InvokeFunction",
              "Principal": "apigateway.amazonaws.com",
              "SourceArn": {
                "Fn::Join": [
                  "",
                  [
                    "arn:",
                    {
                      "Ref": "AWS::Partition"
                    },
                    ":execute-api:",
                    {
                      "Ref": "AWS::Region"
                    },
                    ":",
                    {
                      "Ref": "AWS::AccountId"
                    },
                    ":",
                    {
                      "Ref": "ApiGatewayRestApi"
                    },
                    "/*/*"
                  ]
                ]
              }
            }
          },
          "ListCandidatesLambdaPermissionApiGateway": {
            "Type": "AWS::Lambda::Permission",
            "Properties": {
              "FunctionName": {
                "Fn::GetAtt": [
                  "ListCandidatesLambdaFunction",
                  "Arn"
                ]
              },
              "Action": "lambda:InvokeFunction",
              "Principal": "apigateway.amazonaws.com",
              "SourceArn": {
                "Fn::Join": [
                  "",
                  [
                    "arn:",
                    {
                      "Ref": "AWS::Partition"
                    },
                    ":execute-api:",
                    {
                      "Ref": "AWS::Region"
                    },
                    ":",
                    {
                      "Ref": "AWS::AccountId"
                    },
                    ":",
                    {
                      "Ref": "ApiGatewayRestApi"
                    },
                    "/*/*"
                  ]
                ]
              }
            }
          },
          "CandidateDetailsLambdaPermissionApiGateway": {
            "Type": "AWS::Lambda::Permission",
            "Properties": {
              "FunctionName": {
                "Fn::GetAtt": [
                  "CandidateDetailsLambdaFunction",
                  "Arn"
                ]
              },
              "Action": "lambda:InvokeFunction",
              "Principal": "apigateway.amazonaws.com",
              "SourceArn": {
                "Fn::Join": [
                  "",
                  [
                    "arn:",
                    {
                      "Ref": "AWS::Partition"
                    },
                    ":execute-api:",
                    {
                      "Ref": "AWS::Region"
                    },
                    ":",
                    {
                      "Ref": "AWS::AccountId"
                    },
                    ":",
                    {
                      "Ref": "ApiGatewayRestApi"
                    },
                    "/*/*"
                  ]
                ]
              }
            }
          },
          "CandidatesDynamoDbTable": {
            "Type": "AWS::DynamoDB::Table",
            "DeletionPolicy": "Retain",
            "Properties": {
              "AttributeDefinitions": [
                {
                  "AttributeName": "id",
                  "AttributeType": "S"
                }
              ],
              "KeySchema": [
                {
                  "AttributeName": "id",
                  "KeyType": "HASH"
                }
              ],
              "ProvisionedThroughput": {
                "ReadCapacityUnits": 1,
                "WriteCapacityUnits": 1
              },
              "TableName": "candidate-service-dev"
            }
          }
        },
        "Outputs": {
          "ServerlessDeploymentBucketName": {
            "Value": {
              "Ref": "ServerlessDeploymentBucket"
            }
          },
          "CandidateSubmissionLambdaFunctionQualifiedArn": {
            "Description": "Current Lambda function version",
            "Value": {
              "Ref": "CandidateSubmissionLambdaVersionrBzMG3OU4r5poFVbRqTcTIDntkcBAJXwCqVZXPQjpI"
            }
          },
          "ListCandidatesLambdaFunctionQualifiedArn": {
            "Description": "Current Lambda function version",
            "Value": {
              "Ref": "ListCandidatesLambdaVersiono1oDPpT6jrWdbigVqmbL2Wo3WuHJ7Kq68Bg8Kbp18BQ"
            }
          },
          "CandidateDetailsLambdaFunctionQualifiedArn": {
            "Description": "Current Lambda function version",
            "Value": {
              "Ref": "CandidateDetailsLambdaVersionlQFykGnj4Bw613QBfibfKEOnQEbmluvd8LCQyAUo"
            }
          },
          "ServiceEndpoint": {
            "Description": "URL of the service endpoint",
            "Value": {
              "Fn::Join": [
                "",
                [
                  "https://",
                  {
                    "Ref": "ApiGatewayRestApi"
                  },
                  ".execute-api.",
                  {
                    "Ref": "AWS::Region"
                  },
                  ".",
                  {
                    "Ref": "AWS::URLSuffix"
                  },
                  "/dev"
                ]
              ]
            }
          }
        }
      },
      "coreCloudFormationTemplate": {
        "AWSTemplateFormatVersion": "2010-09-09",
        "Description": "The AWS CloudFormation template for this Serverless application",
        "Resources": {
          "ServerlessDeploymentBucket": {
            "Type": "AWS::S3::Bucket",
            "Properties": {
              "BucketEncryption": {
                "ServerSideEncryptionConfiguration": [
                  {
                    "ServerSideEncryptionByDefault": {
                      "SSEAlgorithm": "AES256"
                    }
                  }
                ]
              }
            }
          },
          "ServerlessDeploymentBucketPolicy": {
            "Type": "AWS::S3::BucketPolicy",
            "Properties": {
              "Bucket": {
                "Ref": "ServerlessDeploymentBucket"
              },
              "PolicyDocument": {
                "Statement": [
                  {
                    "Action": "s3:*",
                    "Effect": "Deny",
                    "Principal": "*",
                    "Resource": [
                      {
                        "Fn::Join": [
                          "",
                          [
                            "arn:",
                            {
                              "Ref": "AWS::Partition"
                            },
                            ":s3:::",
                            {
                              "Ref": "ServerlessDeploymentBucket"
                            },
                            "/*"
                          ]
                        ]
                      }
                    ],
                    "Condition": {
                      "Bool": {
                        "aws:SecureTransport": false
                      }
                    }
                  }
                ]
              }
            }
          }
        },
        "Outputs": {
          "ServerlessDeploymentBucketName": {
            "Value": {
              "Ref": "ServerlessDeploymentBucket"
            }
          }
        }
      },
      "vpc": {}
    },
    "pluginsData": {},
    "functions": {
      "candidateSubmission": {
        "handler": "api/candidate.submit",
        "memorySize": 128,
        "description": "Submit candidate information and starts interview process.",
        "events": [
          {
            "http": {
              "path": "candidates",
              "method": "post",
              "integration": "AWS_PROXY"
            }
          }
        ],
        "name": "candidate-service-dev-candidateSubmission",
        "package": {},
        "memory": 128,
        "timeout": 6,
        "runtime": "nodejs12.x",
        "vpc": {},
        "versionLogicalId": "CandidateSubmissionLambdaVersionrBzMG3OU4r5poFVbRqTcTIDntkcBAJXwCqVZXPQjpI"
      },
      "listCandidates": {
        "handler": "api/candidate.list",
        "memorySize": 128,
        "description": "List all candidates",
        "events": [
          {
            "http": {
              "path": "candidates",
              "method": "get",
              "integration": "AWS_PROXY"
            }
          }
        ],
        "name": "candidate-service-dev-listCandidates",
        "package": {},
        "memory": 128,
        "timeout": 6,
        "runtime": "nodejs12.x",
        "vpc": {},
        "versionLogicalId": "ListCandidatesLambdaVersiono1oDPpT6jrWdbigVqmbL2Wo3WuHJ7Kq68Bg8Kbp18BQ"
      },
      "candidateDetails": {
        "handler": "api/candidate.get",
        "events": [
          {
            "http": {
              "path": "candidates/{id}",
              "method": "get",
              "integration": "AWS_PROXY"
            }
          }
        ],
        "name": "candidate-service-dev-candidateDetails",
        "package": {},
        "memory": 1024,
        "timeout": 6,
        "runtime": "nodejs12.x",
        "vpc": {},
        "versionLogicalId": "CandidateDetailsLambdaVersionlQFykGnj4Bw613QBfibfKEOnQEbmluvd8LCQyAUo"
      }
    },
    "resources": {
      "Resources": {
        "CandidatesDynamoDbTable": {
          "Type": "AWS::DynamoDB::Table",
          "DeletionPolicy": "Retain",
          "Properties": {
            "AttributeDefinitions": [
              {
                "AttributeName": "id",
                "AttributeType": "S"
              }
            ],
            "KeySchema": [
              {
                "AttributeName": "id",
                "KeyType": "HASH"
              }
            ],
            "ProvisionedThroughput": {
              "ReadCapacityUnits": 1,
              "WriteCapacityUnits": 1
            },
            "TableName": "candidate-service-dev"
          }
        }
      },
      "Outputs": {}
    },
    "serviceFilename": "serverless.yml",
    "layers": {},
    "isDashboardMonitoringPreconfigured": false,
    "artifact": "F:\\serverless_api\\coding-round-evaluator\\candidate-service\\.serverless\\candidate-service.zip"
  },
  "package": {
    "artifactDirectoryName": "serverless/candidate-service/dev/1595990754523-2020-07-29T02:45:54.523Z",
    "artifact": "candidate-service.zip"
  }
}